Модель;Відповідь1 ;параметри відповіді1;Відповідь2;"параметри 
відповіді2";Відповідь3;"параметри 
відповіді3";Відповідь4;"параметри 
відповіді4";Відповідь5;"параметри 
відповіді5"
Gemma-4-E4B-It-Q5;Хочеш змінити своє життя, але не знаєш, з чого почати? Ти вже пробував формувати звички, але постійно відступав? Ми розуміємо це! Саме тому ми створили цей застосунок — твій особистий супергерой у подорожі до кращої версії себе. Забудь про хаотичні спроби: наш трекер допоможе тобі зробити рутину ефективною та приємною. Ти ніколи не забудеш важливі кроки завдяки налаштовуваним нагадуванням?, які стануть твоїм персональним мотиватором щодня. Бачити свій прогрес — це неймовірно! Наша функція статистики візуалізує кожен твій успіх, доводячи тобі, як далеко ти зайшов. А якщо потрібна підтримка? Знайди свою спільноту в розділі підтримки?, де люди з однаковими цілями надихають один одного! Не відкладай своє щастя на потім. Завантаж застосунок прямо зараз і почни будувати ту історію, про яку мрій!;"Jul 15, 2026, 2:49 PM
3 tokens/sec
(944 tokens)";Втомилися від того, що ваші найкращі плани зникають через тиждень? Хочете нарешті перетворити мрії на реальні звички — чи то ранкові пробіжки, медитації, чи читання? Ми знаємо, як це важко, тому створили застосунок, який стане вашим особистим супергероєм у світі саморозвитку! Забудьте про прокрастинацію. Наш трекер надішле вам персоналізовані нагадування?, щоб ви ніколи не забували про свої цілі. Ви будете вражені, як швидко ваш прогрес почне накопичуватися: детальна статистика покаже кожен успіх і підтримає мотивацію в найскладніші дні. Але ми знаємо, що самотність — ворог звичок. Тому у нас є активна спільнота підтримки?, де ви зможете ділитися досягненнями та отримувати заряд позитиву від інших! Припиніть чекати і почніть змінюватися вже сьогодні. Завантажте наш трекер, щоб почати свій шлях до кращої версії себе!;"Jul 17, 2026, 10:57 AM
3 tokens/sec
(919 tokens)";"Ти часто плануєш зміни, але потім знову повертаєшся до старих звичок? Якщо ти готовий нарешті перетворити добрі наміри на реальні результати у сфері фітнесу чи wellness, цей застосунок створений для тебе. Ми знаємо, як важко тримати фокус, тому ми зробили твій шлях до кращої версії себе максимально простим та підтримуючим. Забудь про забуті цілі завдяки нашим розумним нагадуванням — ти ніколи більше не пропустиш важливий крок. Бачити свій прогрес надзвичайно мотивує: наша детальна статистика дозволить тобі відстежувати успіхи, бачити свої стрічки та відчувати справжній ріст. А якщо потрібна підтримка, знайди її у нашій спільноті — ділися перемогами, отримуй поради та знаходь надійних ""бадді"" для досягнення спільних цілей. Не відкладай своє щастя на потім! Завантажуй додаток прямо зараз і почни будувати те життя, яке ти заслуговуєш.";"Jul 17, 2026, 11:04 AM

3 tokens/sec
(1082 tokens)";"Хочеш змінити своє життя до кращого, але постійно відкладаєш важливі кроки на потім? Ми знаємо це відчуття! Але тепер ти можеш перетворити свої бажання у реальні звички. Наш трекер — твій особистий помічник на шляху до здоровішого та успішнішого ""Я"". Забудь про хаотичність: ми допоможемо тобі будувати дисципліну, роблячи процес захопливим! Ти ніколи не забудеш важливе завдяки нашим розумним сповіщенням — застосунок нагадає саме тоді, коли це потрібно. А щоб бачити результати своєї праці і отримувати потужний заряд мотивації, ми збираємо деталізовану статистику твого прогресу. І найголовніше: ти не сам! Приєднуйся до спільноти — тут знайдуть підтримку та натхнення ті, хто так само мріє про зміни. Не відкладай своє щастя на завтра. Почни свою подорож до кращої версії себе вже сьогодні! Завантажуй додаток і почни будувати свої звички прямо зараз!";"Jul 17, 2026, 11:24 AM

3 tokens/sec
(1131 tokens)";"Ти мрієш про краще життя, але не знаєш, з чого почати? Хочеш перетворити плани на реальність і нарешті сформувати ті самі корисні звички, які змінять твій день до кращого? Зупинись! Ми створили застосунок, який стане твоїм особистим тренером та підтримкою. Тут ти зможеш легко відстежувати кожен свій крок: налаштуй **нагадування**, щоб ніколи не забути про медитацію чи спорт; бачи **статистику прогресу** і насолоджуйся кожною досягнутою метою, адже результат — це найкраща мотивація. А якщо тобі потрібна підтримка? Знайди її у нашій спільноті! Тут зібрані люди з однаковими цілями, які підтримають тебе на шляху до успіху. Не відкладай своє щастя на завтра. Почни свій шлях до неймовірного себе вже сьогодні! Завантаж [Назва застосунку] і почни змінювати життя прямо зараз!";"Jul 17, 2026, 11:35 AM

3 tokens/sec
(904 tokens)"
Meta-Llama-3_1-8B-Instruct-IQ4_XS;"Вітаємо в нашому застосунку-трекері звичок! Наша місія — допомогти вам сформувати корисні звички та досягнути своїх цілей у сфері спорту та здоров'я.

Нагадування - ми завжди підкажемо вам, що робити далі. Відповідно до вашого плану тренувань або дієти, застосунок відправляє вам нагадування про необхідність виконувати завдання на кожен день. Так ви ніколи не забудете своє навчання чи харчування!

Статистика прогресу - бачте свій розвиток та вдячуйтеся собі за досягнення! Наш застосунок допоможе вам побачити свої успіхи та зберегти мотивацію продовжувати працювати над собою.

Підтримка спільноти - ви не одинокий у своєму шляху до здоров'я. У нашому застосунку ви зможете знайти інших користувачів зі схожими цілями та підтримати одне одного на кожному етапі своєї подорожі до успіху.

Що тепер? Завантажте наш застосунок зараз і починайте свій шлях до корисних звичок разом з нами!";"Jul 15, 2026, 1:19 PM
2 tokens/sec
(257 tokens)";"Давайте розпочнемо свій шлях до здоров'я та щасливого життя! Наш застосунок-трекер звичок допоможе тобі сформувати корисні звички та досягти своїх цілей.

Нагадування - це перший крок до зміни. Настане час виконати свої завдання, навіть якщо тобі ніде нікому не потрібно повідомляти. Наш застосунок відправить тобі напомінники про ваші обов'язкові дії, щоб ви не забували про свій шлях до успіху.

Дізнаєшся більше про свій прогрес - це вже майже половина перемоги! На сторінці статистики нашого застосунку ти зможеш побачити всі свої досягнення та бачити, як змінюється твій стан здоров'я. Це мотивувальний стимул для подальшої роботи!

Навіть якщо тобі важко починати, наші спільноти підтримки завжди будуть поруч. Учасники нашого застосунку розуміють усі твоє відчуття та готові допомогти тобі досягнути своїх цілей.

Так, час змін відбутися вже сьогодні! Завантажи свій трекер звичок і починай свій шлях до здоров'я та щасливого життя разом з нами.";"Jul 17, 2026, 1:23 PM
2 tokens/sec
(275 tokens)";"Добре рішення щодо формування корисних звичок!

Наш застосунок допомагає тобі досягти своїх цілей у сфері фізичної активності та здоров'я! Він нагадує тобі виконувати завдання, що допомагає зберігати стійкість, а також надає цінну статистику про твої кроки вперед. А ще - наш спільнота підтримки допоможе тобі залишатися мотивованим і знайти собі друзів на шляху до здоров'я та успіху!

Нагадування: не втрачай свій темп, навіть коли ти занедбався! Статистика прогресу: побач свої досягнення й відчуй задоволення від кожного кроку! Підтримка спільноти: знай нові друзів і залишайся мотивованим разом з нами!

Давай розпочнемо цей шлях до здоров'я та успіху разом! Завантаж нам сьогодні свій застосунок-трекер звичок та починай досягати своїх цілей вже зараз!";"Jul 17, 2026, 1:25 PM
2 tokens/sec
(219 tokens)";"Зроби свій перший крок сьогодні! Мобільний застосунок-трекер звичок допомагає тобі встановити і тримати здорові звички, навіть коли ти не відчуваєш мотивації.

У нашому застосунку тобі будуть нагадувати про свої щоденні завдання та підкріплювати твій прогрес. Відповідно до своїх дій, ти побачиш статистику свого успіху і зможеш порівняти свій результат із іншими учасниками спільноти підтримки.

Тут ти не будеш один, адже багато людей вже починають свій шлях до здоров'я та щастя. Завантажи застосунок сьогодні й почни змінювати своє життя!";"Jul 17, 2026, 1:28 PM
2 tokens/sec
(152 tokens)";"Добре рішення для тих, хто бажає змінити своє життя!

Наш застосунок допомагає тобі сформувати корисні звички та досягти своїх цілей у сфері фізичної активності та здоров'я. Він надає тебе необхідну підтримку та мотивацію на кожному етапі шляху до успіху.

Застосунок нагадує тобі виконувати свої обов'язкові тренування чи програми харчування, забезпечуючи стабільний прогрес у розвитку тіла і душі. Статистичні дані щодо твого кроку допомагають тобі бачити свій розвиток та встановлювати нові цілі на майбутнє.

Навчайся разом з іншими людьми зі схожими інтересами та бажаннями в нашій спільноті підтримки. Членство відкривається безкоштовно після завантаження застосунку!";"Jul 17, 2026, 1:31 PM
2 tokens/sec
(189 tokens)"
Gemma-4-E4B-IT-(mobile-wNa8o8-->-gguf,-faithful);"Ось опис продукту для сторінки в App Store:

Привіт! Втомився від рутини? Ми зробили це просто — і тепер ваш прогрес буде реально помітним! ??

Ви знаєте, як важливо не просто ""хотіти"", а робити щось корисне. Наш трекер звичок – це ваш персональний мотиватор у кишені: ми допомагаємо вам перетворити наміри на реальні результати. Ми зробили інтерфейс так, щоб він був максимально простим — ви просто вводите свою ціль і починаєте рухатися вперед!

З нашим застосунком ви отримуєте три потужні функції, які змінять ваше життя: 1) Нагадування?: ми не дамо вам забути про звичку. Ми надішleme вас щодня, щоб ви завжди були в тонусі; 2) Статистика прогресу?: ви побачите чіткі графіки вашого зростання — ви будете бачити, як ваш тренд стає кращим! 3) Спільнота підтримки?: ми створили місце, де ви можете знайти единомышленников та підтриматися; це не просто застосунок, а ваше дружнє середовище для змін.

Не відкладайте свої цілі — почніть змінювати себе вже сьогодні! Завантажте наш трекер звичок зараз і зробіть свій прогрес реально видимим! ?? Завантажте його прямо зараз, щоб почати свою трансформацію!";"Jul 16, 2026, 5:41 PM
2 tokens/sec
(344 tokens)";"Ви хочете змінити своє життя? Починайте свою подорож до здоров'я вже сьогодні! Ми створили застосунок, який допоможе вам не лише відстежувати прогрес, але й знайти підтримку в спільноті.

[Назва Застосунку] — ваш ідеальний компаньє у світовому світі здорового способу життя.

Ви прагнете до змін? Ми створили інструмент для вас! Цей застосунок допоможе вам навчитися створювати звички, які приносять реальну користь.

Що ви знайдете в нашому додатку:

?? Нагадування?: Встановлюйте регулярні сповіщення — щоб ніколи не забути про важливий крок до здоров'я.
?? Трекінг прогресу?: Відстежуйте свій успіх, відстежуючи кожен маленький прогрес у ваших звичках (від сон до спорту).
?? Спільнота підтримки?: З’єднайтесь із друзями! Створюйте спільноту, де люди підбадьяють один одного.
Не відкладайте на завтра — почніть свою зміну вже зараз. Завантажте застосунок і почніть свій шлях до здоров' та кращого життя! ??";"Jul 17, 2026, 12:50 PM
3 tokens/sec
(939 tokens)";"Ось опис продукту для сторінки в App Store, написаний у дружній та мотивуючий тон.

Title: [Назва застосунку — наприклад, ""Habit Builder""]

Description (Ukrainian): Чи готові ви змінити своє життя? Почати з маленьких кроків – це найкращий спосіб стати кращим! Наш трекер звичок створений для вас. Ми знаємо, що неможливо постійно бути ідеально здоровим, тому ми зробили цей застосунок дружнім компаньоном у ваших змін.**

Що ви отримаєте?

Сповіщення (Reminder): Не пропустите жодного важливого кроку. Ми надішleme вам нагадування — щоб ви не забули свої цілі!
Трекінг прогресу: Бачите свій прогрес у реальному часі: від контролю звичок до досягнення ваших особистих цілей, що мотивує вас продовжувати рух.
Спільнота підтримки (Community): Ви не самотні! Приєднуйтесь до спільноти — знаходьте мотивацію та підтримуйте одне одного.
Це ваш персональний тренер у кишені: ми допомагаємо вам перетворити бажання на реальність, зробивши кожний день кращим за минулий.**

[The text is ready for the App Store page.]";"Jul 17, 2026, 12:40 PM
3 tokens/sec
(1005 tokens)";"Готовий до того, щоб змінити своє життя на краще — і ми знаємо, що це можливо! Якщо ви хочете не просто ""спробувати"", а реально змінити свій підхід до здоров'я та звичок, наш застосунок створений саме для вас. Ми розуміємо, що почати новий шлях може бути складно, тому ми створили зручний інструмент, який допоможе вам стати кращими! Наш трекер звичок — це ваш персональний помічник: він нагадує про важливі кроки (нагадування), візуалізує ваш прогрес та дозволяє знайти підтримку в спільноті. Ви можете відстежувати свій прогрес, бачити статистику своїх успіхів і отримувати мотивацію щодня! Почніть свою подорож до здоров'я вже сьогодні — завантажте застосунок прямо зараз і почніть будувати звички, які змінять ваше життя на краще!";"Jul 17, 2026, 1:01 PM
4 tokens/sec
(863 tokens)";"Ось опис продукту для сторінки в App Store:

Втомилися від постійного ""хочу, але не можу""? Час змінити це! Наш застосунок — ваш особистий тренер на шляху до ідеального здоров'я. Ми створили його так, щоб ви могли без зусиль формувати звички: чи то завдяки сповіщенням, що нагадують про важливість кожного дня; чи то через детальні звіти про прогрес ваших досяг у фітнес-завданнях (трекер). Ви будете бачити свій прогрес по кожному кроці. А наше спільнота — це ваша підтримка! Ми збираємо всіх, хто прагне стати кращим. Це не просто додаток – це ваш персональний партнер на шляху до здоров'я та енергії.**

[Note: The user requested the output in Ukrainian/Ukrainian context based on their input language.]";"Jul 17, 2026, 1:09 PM
3 tokens/sec
(975 tokens)"
Gemma-4-E4B-It-IQ4;Ти готовий нарешті перетворити задуми на реальність? Якщо ти втомився від обіцянок, які зникають через тиждень, наш трекер звичок — це твій інструмент для справжніх змін. Ми знаємо, що початок завжди найскладніший, тому ми зробили цей застосунок максимально дружнім та мотивуючим! Забудь про забуті завдання: наші розумні нагадування допоможуть тобі не відхилятися від плану, навіть коли ти поспішаєш. Бачити прогрес — це величезна мотивація, і наша статистика чітко покаже кожен твій успіх, дозволяючи тобі бачити, як твоє життя стає кращим день за днем. А якщо тобі потрібна підтримка? Приєднуйся до нашої спільноти! Тут ти знайдеш однодумців, які розуміють твої цілі і готові підтримати тебе у будь-якій битві за нову звичку. Почни свій шлях до фітнес-цілей та гармонії вже сьогодні — завантажуй додаток і створюй життя, про яке ти мріяв!;"Jul 16, 2026, 5:08 PM
1 tokens/sec
(950 tokens)";"Втомився від обіцянок і нездійснених планів? Хочеш перетворити розмиті бажання на реальні, круті звички, але не знаєш, з чого почати? Ми зробили цей трекер саме для тебе! Це твій особистий помічник у формуванні майбутнього. Забудь про хаос: наш застосунок допоможе тобі чітко бачити свій прогрес. Налаштуй персональні нагадування, щоб ніколи не забути про свою мету — чи то ранкова зарядка, чи читання, чи медитація. Але ми пішли далі! Ти зможеш відстежувати статистику свого зростання в динаміці, бачити свої досягнення та отримувати мотивацію від графіків. А якщо тобі потрібна підтримка, наш спільнота чекає на тебе — знайди однодумців і підтримайся разом! Припини відкладати життя на потім. Почни будувати краще ""Я"" вже сьогодні. Завантажуй додаток зараз і почни свою історію успіху!";"Jul 17, 2026, 1:44 PM
2 tokens/sec
(994 tokens)";Ти мрієш про ту саму звичку — регулярно тренуватися, читати чи пити достатньо води? Але постійно відкладаєш це на завтра? Ми знаємо, як це. Саме тому ми створили цей застосунок: твій особистий помічник у подорожі до кращої версії себе! Тут ти зможеш легко відстежувати свій прогрес і не збиватися зі шляху. Наші інтелектуальні нагадування допоможуть тобі ніколи не забути про важливий крок, а детальна статистика покаже, як сильно ти змінився за останні місяці — це справжній мотиватор! Але ми знаємо, що подорож до звичок не завжди легка. Тому ми зібрали спільноту підтримки, де ти зможеш ділитися успіхами та отримувати заряд позитиву від однодумців. Припини мріяти про зміни — почни їх створювати вже сьогодні! Завантажуй застосунок і доведи, що ти здатний на більше.;"Jul 17, 2026, 1:54 PM
2 tokens/sec
(909 tokens)";Втомилися від обіцянок, які згасають через тиждень? Якщо ви мрієте про стабільний прогрес — чи то щоденна зарядка, медитація чи читання — цей трекер створений саме для вас. Ми знаємо, як важко утримувати рутину, тому ми зробили процес простим та мотивуючим! Наш застосунок допоможе вам перетворити наміри на звичку. Ви отримуєте персоналізовані нагадування?, які не дадуть вам забути про важливе в потрібний момент. Побачте власний успіх у режимі реального часу: детальна статистика прогресу візуалізує кожен ваш маленький крок, підштовхуючи до більшого. Але ми знаємо, що іноді потрібна підтримка — тому ми створили активну спільноту?, де ви зможете ділитися перемогами та отримувати мотивацію від однодумців! Припиніть мріяти про зміни, почніть їх створювати вже сьогодні. Завантажте застосунок і зробіть своє життя кращим крок за кроком!;"Jul 17, 2026, 2:17 PM
2 tokens/sec
(943 tokens)";"Багато разів ми обіцяємо собі ""зробити з цього життя щось круте"", але мотивація швидко згасає? Цей застосунок — твій особистий помічник у формуванні справжніх, стійких звичок. Ми знаємо, як це працює: щоб зміни були реальними, потрібна система. Саме тому ми створили інструмент, який допоможе тобі не зупинятися на півдорозі. Завдяки розумним нагадуванням ти ніколи не забудеш про свої цілі — чи то ранкова зарядка, чи медитація. Бачити прогрес надзвичайно мотивує: наш розділ статистики візуалізує твій розвиток, показуючи, як маленькі кроки складаються у велику перемогу. Але ти не сам! Приєднуйся до нашої спільноти — це місце підтримки, де кожен знає, що він не один на цьому шляху. Ми тут, щоб підштовхнути тебе вперед і допомогти закріпити найважливіші звички у житті. Готовий почати цю трансформацію? Завантаж додаток прямо зараз і почни будувати життя, про яке мрієш!";"Jul 17, 2026, 2:33 PM
2 tokens/sec
(1018 tokens)"
LFM2_5-8B-A1B-Q4_0;Meet your new workout companion, built to keep you moving without the hassle of corporate jargon. With smart alarms that ping at just the right moment, a sleek progress dashboard that turns every run or stretch into visual wins, and a vibrant community where you can share achievements, challenges, and tips with fellow fitness fans, this tracker makes staying active both easy and fun. The app syncs across devices so your data follows you from the gym to the couch, while personalized stats help you see trends at a glance. Join a supportive tribe that cheers you on, offers encouragement after each session, and celebrates every milestone — because fitness is personal, but motivation can be shared. Ready to turn those morning alarms into habit? Order your copy now and start checking out!;"Jul 16, 2026, 6:00 PM
11 tokens/sec
(871 tokens)";Ready to turn every step into a win? Our new fitness tracker watch is built for the energetic 20?35 crowd who want smart, simple ways to stay active. You’ll get gentle reminders so you never miss a workout cue, detailed progress charts that show how far you’ve come and where to tweak your routine, and a supportive community where friends share tips, celebrate milestones, and keep each other motivated. No clutter, no stress — just clear insights and friendly nudges that turn motivation into habit. Perfect for gym lovers, morning joggers, or anyone who believes wellness starts with one smart choice. Tap to claim your device today!;"Jul 17, 2026, 2:42 PM
10 tokens/sec
(917 tokens)";Get up, feel alive — our tracker turns daily habits into confidence. With smart notifications you’ll never miss a workout cue again, the progress stats give you instant insight on your steps, heart?rate trends and achievements, and the community hub lets you share milestones, ask for tips, and cheer each other on in real time. It’s simple, visual, and built to keep you moving forward even when motivation wanes. You’ll also discover new strengths each day as you connect with supportive peers. Ready to start? Tap “Get” now and claim your first free week — let every alarm be a reminder that you’re capable of more.;"Jul 17, 2026, 2:45 PM
10 tokens/sec
(1406 tokens)";Представляєшь себе мобільний трекер для людей 20?35 років, хто хоче формувати полезні звичі? На наш App — ваша стимуляція на каждом шагу. Напомикайся в реальному времени, не пропуская важного момента, и заповнюйшись настроєм самого себе. Следги за прогрессом: визуализируй укладки, метрики активності та наступні цели, а такожо присоединись к сообществу, где делитеся мотивацией и поддержка вдохновляє вас навколо дорог. Звертатися напрямую к аудиторії, скачити приложення і начать формувати здоровую рутинну. Download now and start waking up refreshed!;"Jul 17, 2026, 2:49 PM
11 tokens/sec
(700 tokens)";Meet your new daily motivation on?go — a sleek fitness tracker app built just for active 20?35 year olds who love to set meaningful alarms and stay consistent. Our three core features keep you inspired, informed, and connected: gentle personalized notifications that remind you when it’s time to move, clear progress statistics that turn every workout into visible wins, and a supportive community where you can share milestones, ask tips, and cheer each other on. No clutter, no stress — just friendly nudges, smart insights, and the camaraderie of fellow wellness warriors. Ready to make your mornings brighter? Tap now to claim your free trial and start ringing success into every day!;"Jul 17, 2026, 2:51 PM
10 tokens/sec
(847 tokens)"
Jan-v3-4b-base-instruct-Q8_0;Ти бажаєш змінити життя, але не впевнений(а), що твої звички стануть реальними? Ми робимо це простіше — кожен день ми нагадуємо тобі діяти: навіть якщо ти просто хочеш встати раніше чи пограти у 10 хвилин зі святом. Покажемо, що прогрес — це не великий шанець, а кілька днів поспіль, коли ти виконуєш те, що вже відчував(а) як потрібно. Відкриваємо тобі статистику — як ти ростеш, як змінюється твоя енергія і настрій. І найголовніше — ми не одинокі: кожен день ти бачиш, що інші діляться своїми перемогами, підтримують та вірять у тебе. Тому завантажуй зараз — почни з одного малого кроку і перетвори це на повне життя, яке ти вже хочеш.;"Jul 16, 2026, 10:50 PM
2 tokens/sec
(326 tokens)";Навіть якщо ти ще не засвоїв свій новий рутинний ритм — ми тут, щоб допомогти. Кожен день можна почати із одного простого кроку: наш трекер нагадує тебе, коли час виконати звичку (наприклад, п’ятихвилиновий рух або 3 хвилини медитації). Дивись, як твої прогреси поступово зростають — графіки, таблиці, просто виглядає більш навчально і позитивно. Але найважливіше — це спільнота: люди, що також хочуть змінити життя, діляться експериментами, виконують майже однакові звички і підтримують один одного. Навіть коли ти бажаєш просто почати — це можливо. Увімкни трекер і додай першу звичку: сьогодні, вже. Завантажуй зараз і почни жити з метою.;"Jul 16, 2026, 11:18 PM
2 tokens/sec
(313 tokens)";Ти не втрачаєш ніяких мотивацій — тут твоя звичка починається з одного простого кроку. Кожен день застосунок нагадує тебе, коли час на те, що важливо: вставай, рухайся, дихай. Ти бачиш свої прогреси — як змінився твій сон, харчування чи емоції — і це стає реальним, а не просто мета. У нас є група людей, які діляться своїми перемогами, підтримують один одного, коли все виглядає складно. Ти не один. Навіть найменші кроки — це зміна. Завантажуй зараз і почни робити те, що ти вже знаєш: важливо для тебе. Повернись до себе кожного дня.;"Jul 16, 2026, 11:24 PM
2 tokens/sec
(252 tokens)";"Ти хочеш змінити життя — але не відразу. Це нормально. Ми тут, щоб допомогти. Кожен день ми наприклад нагадуємо: ""Підйди до тренажерного залу"", ""Спробуй 5 хвилин дихання"" або ""Записуйся в світлі — ти вже робиш крок уперед"". Видимий прогрес? Твоя статистика показує, як ти змінюєш себе — і це дуже ефективно. Бачиш, як твої звички поступово ростуть? Можеш подивитися на графіки, порівняти місяць з місяцем і впевнитися: це справді працює. І не один — у нас є спільнота, де ти знайдеш людей, які роблять те саме. Підтримка, обмін і позитивний настрій — це частина кожного дня. Тож випробуй його сьогодні. Завантажуй застосунок і почни з одного кроку — твоя нова норма уже чекає на тебе.";"Jul 16, 2026, 11:28 PM
2 tokens/sec
(337 tokens)";Ти вже бачиш, як легко зробити щось добре — тільки починай. Цей застосунок не просто пам’ятає твої звички, він нагадує про них, коли потрібно: навіть якщо ти забув, але хочеш повернутись до свого розуму. Дивись прогрес — кожен день, кожна місяця — це підтвердження того, що ти справжній. Там теж є спільнота: люди, які діляться з тобою перемогами, помилками і просто думками про те, чого хочуть бути. Це не просто трекер — це твоя команда підтримки. Тому завантажуй його сьогодні: починай з одного кроку, який виглядає простим, але стає важливим. Спробуй і побачиш — твоя життєва зміна починається дзвінком у телефоні.;"Jul 16, 2026, 11:32 PM
2 tokens/sec
(291 tokens)"
gemma-4-E4B-it-Q3_K_M;"Зрозуміло. Як спеціаліст із копірайтингу для мобільних застосунків, я створю текст, який буде звучати природно, енергійно та прямо звертатися до цільової аудиторії 20–35 років.

Текст опису:

Ти втомився від обіцянок «почну завтра»? Хочеш змінити своє життя на краще, але не знаєш, з чого почати? Ми створили трекер, який стане твоїм особистим рушієм змін! Це не просто список завдань — це твій шлях до кращої версії себе. Забудь про забуті кроки: наша система нагадувань нагадає тобі в потрібний момент, щоб ти нічого не пропустив. Бачити власний прогрес легко: детальна статистика покаже тобі, як далеко ти зайшов і чим варто взятися далі. А якщо тобі потрібна підтримка — наш розділ спільноти з’єднає тебе з людьми, які рухаються в тому ж напрямку! Приєднуйся до нас і почни формувати здорові та корисні звички вже сьогодні. Натисни «Завантажити» і зроби перший крок до того життя, яке ти заслуговуєш!";"Jul 17, 2026, 11:47 AM

2 tokens/sec
(936 tokens)";"Ти втомився від ""нового початку"", який завжди залишається лише на папері? Якщо ти мрієш про здорові звички, але не знаєш, з чого почати — цей додаток для тебе! Ми створили інструмент, який допоможе тобі перетворити плани у реальність. Забудь про відкладене; ми тут, щоб підтримати твій ріст. Наш трекер надішле тобі дружні нагадування саме тоді, коли ти їх найбільше потребуєш, щоб не звернути увагу на важливі кроки. Дивись на статистику прогресу і бачи, як твоя дисципліна росте щодня — це справжній мотиватор! А якщо потрібна підтримка? З'єднайся зі спільнотою однодумців: тут ти знайдеш людей, які теж працюють над собою. Починай змінювати своє життя вже сьогодні і зроби крок до кращої версії себе! Завантажуй [Назва застосунку] прямо зараз та починай свій шлях до мети!";"Jul 17, 2026, 11:55 AM

2 tokens/sec
(827 tokens)";"Ти втомився від обіцянок ""почну з понеділка"", які ніколи не справджуються? Зроби свій перший крок до кращого життя саме зараз! Наш трекер створений для тебе — людини, яка готова змінюватися і хоче бачити реальні результати. Ми тут, щоб допомогти тобі перетворити мрії на звички. Забудь про хаос: застосунок надсилатиме тобі вчасні та мотивуючі **нагадування**, щоб ти не забув про важливі кроки до здоров'я чи саморозвитку. Ти зможеш відстежувати свій успіх завдяки деталізованій **статистиці прогресу** — бачи, як твої маленькі щоденні дії будують величезний результат! А якщо тобі потрібна підтримка, ми зібрали для тебе життєву **спільноту**, де ти знайдеш мотивацію та допомогу від однодумців. Не чекай ідеального моменту — він вже тут! Завантажуй застосунок прямо зараз і почни формувати звички, які змінять твоє життя назавжди!";"Jul 17, 2026, 12:03 PM

2 tokens/sec
(860 tokens)";"Ти втомився від обіцянок ""почну завтра""? Ми знаємо, як складно втриматися у ритмі змін, коли ти хочеш стати кращою версією себе, але не знаєш з чого почати. Цей застосунок створений для тебе — для тих 20–35 років, хто готовий змінювати своє життя маленькими кроками! Ми допоможемо тобі сформувати стійкі та корисні звички без стресу. Що ти отримаєш? Надійні нагадування в потрібний час, щоб ти ніколи не забувала про свій план; детальна статистика прогресу, яка показує твої реальні досягнення і мотивує рухатися далі; та активна спільнота підтримки, де можна знайти однодумців і взаємно підбадьорити. Припини відкладати власне щастя! Завантажуй наш трекер прямо зараз і почни свій шлях до кращої версії себе!";"Jul 17, 2026, 12:10 PM

2 tokens/sec
(875 tokens)";Ти відчуваєш це бажання — змінити себе на краще? Хочеш нарешті впровадити ті звички, про які читаєш у книгах, але ніколи не знаходиш часу чи мотивації? Ми зробили цей трекер для тебе! Це твій особистий помічник у формуванні здоровіших та крутіших звичок. Забудь про відкладання — наш застосунок подбає про все: він надішле тобі вчасні, але не нав’язливі **нагадування**, щоб ти ніколи не забув важливий крок до мети. Тут же ти побачиш всю свою історію у детальних **статистиках прогресу** — і це неймовірно мотивує! А якщо потрібна підтримка? З нами ти не сам: наш розділ **спільноти** допоможе тобі знайти единомышленників та підтриматися взаємно. Припини мріяти, почни діяти вже сьогодні! Завантажуй [Назва застосунку] і зроби свій перехід до кращого життя реальністю!;"Jul 17, 2026, 12:18 PM

2 tokens/sec
(855 tokens)"
